person,days,mean,median,std,min,max
Lindsay,366,6456.8442622950815,6391.0,4098.044497950964,396,23422
Alex,357,7986.887955182073,7615.0,3493.189109674714,1329,24556
