person,days,mean_steps,median_steps,std_steps,min_steps,max_steps
Alex,357,7986.887955182073,7615.0,3493.189109674715,1329,24556
Lindsay,366,6456.8442622950815,6391.0,4098.044497950963,396,23422
